id,player_id,team_id,season_id,shirt_number,transfer_fee_millions,contract_start,contract_end,appearances,minutes_played,goals,assists,xg,xa,shots_total,shots_on_target,shot_accuracy,passes_attempted,passes_completed,pass_accuracy,key_passes,through_balls,dribbles_attempted,dribbles_successful,dribble_success_rate,tackles,interceptions,clearances,blocks,duels_won,duels_total,yellow_cards,red_cards,average_rating,created_at,updated_at
fc606174-29fe-4fc4-8e2b-04ba2000ccf9,72ecad14-b2a0-4789-99f4-d95622f98a0f,750e8400-e29b-41d4-a716-446655440001,850e8400-e29b-41d4-a716-446655440001,22,7.34,2024-07-01,2026-06-30,18,1620,0,0,0.0,0.0,0,0,0.0,450,350,77.8,0,0,0,0,0.0,0,15,80,3,12,25,0,0,7.2,2024-12-20 00:00:00,2024-12-20 00:00:00
b890dd78-2c16-4327-ad33-2365bc4b754d,b1e4bd8a-bea6-4912-bb56-0a85bdb75940,750e8400-e29b-41d4-a716-446655440001,850e8400-e29b-41d4-a716-446655440001,22,15.2,2024-07-01,2026-06-30,18,1620,0,0,0.0,0.0,0,0,0.0,450,350,77.8,0,0,0,0,0.0,0,15,80,3,12,25,0,0,7.2,2024-12-20 00:00:00,2024-12-20 00:00:00
77454450-9f96-4c4f-8388-4c9902db82fe,b2265236-45a2-44d6-903c-d347d2e8aad2,750e8400-e29b-41d4-a716-446655440001,850e8400-e29b-41d4-a716-446655440001,5,15.77,2024-07-01,2026-06-30,12,1135,1,0,0.5,0.2,8,2,25.0,900,750,83.3,2,0,10,5,50.0,45,36,120,25,65,85,1,0,7.0,2024-12-20 00:00:00,2024-12-20 00:00:00
cb74074d-594d-4fe8-8b1e-21b2e0979212,fffff8eb-0897-48a4-be10-f4ca59c43e6c,750e8400-e29b-41d4-a716-446655440001,850e8400-e29b-41d4-a716-446655440001,5,72.77,2024-07-01,2026-06-30,15,1094,1,0,0.5,0.2,8,2,25.0,900,750,83.3,2,0,10,5,50.0,47,35,120,25,65,85,1,0,7.0,2024-12-20 00:00:00,2024-12-20 00:00:00
338180e8-5110-42e3-90dc-f92dc16d4efe,19c19591-483b-400a-8081-2f346a0f4530,750e8400-e29b-41d4-a716-446655440001,850e8400-e29b-41d4-a716-446655440001,2,16.75,2024-07-01,2026-06-30,16,1166,1,0,0.5,0.2,8,2,25.0,900,750,83.3,2,0,10,5,50.0,41,31,120,25,65,85,2,0,7.0,2024-12-20 00:00:00,2024-12-20 00:00:00
891b0cf4-2ff0-4cce-a236-54648bdd8ce7,f42feeab-777c-40e7-aeb4-76a339023927,750e8400-e29b-41d4-a716-446655440001,850e8400-e29b-41d4-a716-446655440001,26,116.91,2024-07-01,2026-06-30,12,1537,1,0,0.5,0.2,8,2,25.0,900,750,83.3,2,0,10,5,50.0,50,38,120,25,65,85,2,0,7.0,2024-12-20 00:00:00,2024-12-20 00:00:00
9c0fd37d-78fc-4bed-9a29-3fd2394c7676,4bc6d6c7-5a33-4ba9-8233-a36b693fd434,750e8400-e29b-41d4-a716-446655440001,850e8400-e29b-41d4-a716-446655440001,15,13.0,2024-07-01,2026-06-30,14,1403,3,2,2.5,1.8,35,12,34.3,1200,950,91.2,15,3,25,15,60.0,63,39,30,8,30,50,2,0,8.7,2024-12-20 00:00:00,2024-12-20 00:00:00
ce6c7945-0536-4910-8e23-0b2578e1892f,f732c572-9c35-4ccd-87f8-8ae03e01c97f,750e8400-e29b-41d4-a716-446655440001,850e8400-e29b-41d4-a716-446655440001,10,100.92,2024-07-01,2026-06-30,18,1826,3,2,2.5,1.8,35,12,34.3,1200,950,79.2,15,3,25,15,60.0,28,14,30,8,30,50,2,0,7.3,2024-12-20 00:00:00,2024-12-20 00:00:00
bf7ff031-6c19-4037-89a8-3e95cb946d59,b73caad1-3472-4a96-ad1b-a1a26940044a,750e8400-e29b-41d4-a716-446655440001,850e8400-e29b-41d4-a716-446655440001,10,24.68,2024-07-01,2026-06-30,16,1272,12,4,10.5,3.8,65,28,43.1,600,420,70.0,20,2,35,20,57.1,5,3,5,2,45,70,2,0,8.3,2024-12-20 00:00:00,2024-12-20 00:00:00
adcce3a7-03a8-4f0b-b2d2-a04b21dac05f,7002017a-1743-4f30-b25f-f441156b0b39,750e8400-e29b-41d4-a716-446655440001,850e8400-e29b-41d4-a716-446655440001,18,42.29,2024-07-01,2026-06-30,15,1418,15,2,12.8,2.2,65,35,43.1,600,420,70.0,20,2,35,20,57.1,5,3,5,2,45,70,1,0,8.6,2024-12-20 00:00:00,2024-12-20 00:00:00
1543b03f-0a1d-4709-9cac-4a0ebb6f8942,f81956da-8452-4072-b22b-184db0a3a08f,750e8400-e29b-41d4-a716-446655440002,850e8400-e29b-41d4-a716-446655440002,1,12.99,2024-07-01,2026-06-30,18,1620,0,0,0.0,0.0,0,0,0.0,450,350,77.8,0,0,0,0,0.0,0,15,80,3,12,25,0,0,7.2,2024-12-20 00:00:00,2024-12-20 00:00:00
60e55d09-731b-4b61-956e-3d0cfe06e796,4e06b293-3252-4cc2-99f8-d74bfd941634,750e8400-e29b-41d4-a716-446655440002,850e8400-e29b-41d4-a716-446655440002,1,40.64,2024-07-01,2026-06-30,18,1620,0,0,0.0,0.0,0,0,0.0,450,350,77.8,0,0,0,0,0.0,0,15,80,3,12,25,0,0,7.2,2024-12-20 00:00:00,2024-12-20 00:00:00
004237e4-a182-4086-9938-4a1b64471d9b,9c58dbad-1475-4112-93da-c5913cfcc6c7,750e8400-e29b-41d4-a716-446655440002,850e8400-e29b-41d4-a716-446655440002,26,50.5,2024-07-01,2026-06-30,13,1193,1,0,0.5,0.2,8,2,25.0,900,750,83.3,2,0,10,5,50.0,51,32,120,25,65,85,2,0,7.0,2024-12-20 00:00:00,2024-12-20 00:00:00
7b78966f-9c97-491c-97fd-14fd6ab775e2,7ae25006-e1c5-44c1-804a-bac97b152c52,750e8400-e29b-41d4-a716-446655440002,850e8400-e29b-41d4-a716-446655440002,27,72.11,2024-07-01,2026-06-30,12,1155,1,0,0.5,0.2,8,2,25.0,900,750,83.3,2,0,10,5,50.0,45,38,120,25,65,85,1,0,7.0,2024-12-20 00:00:00,2024-12-20 00:00:00
6b2166ac-86e5-4ca8-bab0-39ce65422c69,bb76a997-baa3-4bf1-a183-3b5220216681,750e8400-e29b-41d4-a716-446655440002,850e8400-e29b-41d4-a716-446655440002,21,77.16,2024-07-01,2026-06-30,13,1618,1,0,0.5,0.2,8,2,25.0,900,750,83.3,2,0,10,5,50.0,37,28,120,25,65,85,1,0,7.0,2024-12-20 00:00:00,2024-12-20 00:00:00
7beec219-8aee-4fc6-87bf-53951678af2b,ff03112b-fa97-4392-a71f-4d2c47c0a66b,750e8400-e29b-41d4-a716-446655440002,850e8400-e29b-41d4-a716-446655440002,26,113.38,2024-07-01,2026-06-30,15,1287,1,0,0.5,0.2,8,2,25.0,900,750,83.3,2,0,10,5,50.0,44,31,120,25,65,85,2,0,7.0,2024-12-20 00:00:00,2024-12-20 00:00:00
8f04c126-b621-458e-9d7e-90f036bddf94,437c9014-7556-4859-9fe6-266988c958fa,750e8400-e29b-41d4-a716-446655440002,850e8400-e29b-41d4-a716-446655440002,8,57.18,2024-07-01,2026-06-30,18,1552,3,1,2.5,1.8,35,12,34.3,1200,950,79.2,15,3,25,15,60.0,26,12,30,8,30,50,2,0,7.3,2024-12-20 00:00:00,2024-12-20 00:00:00
e1dc777c-79a2-4030-a4a5-bbb3deb6aef7,1bf159b4-b6f8-40e4-98c3-1bc3136de1ec,750e8400-e29b-41d4-a716-446655440002,850e8400-e29b-41d4-a716-446655440002,18,39.32,2024-07-01,2026-06-30,19,1303,8,8,7.5,5.2,65,28,43.1,600,420,70.0,28,2,35,20,57.1,4,3,5,2,45,70,2,0,8.2,2024-12-20 00:00:00,2024-12-20 00:00:00
90bb3cf7-120c-4c39-9103-34a11f5ef6cf,762b1764-bbae-4ff6-8eb6-5ae55aa59d7c,750e8400-e29b-41d4-a716-446655440002,850e8400-e29b-41d4-a716-446655440002,18,110.63,2024-07-01,2026-06-30,16,1266,10,3,8.9,2.9,65,28,43.1,600,420,70.0,20,2,35,20,57.1,4,3,5,2,45,70,2,0,7.9,2024-12-20 00:00:00,2024-12-20 00:00:00
968b6b1b-86b9-46c1-a61b-b428b8e885e1,0628d86f-e1a1-4980-87d8-5998f1e25d38,750e8400-e29b-41d4-a716-446655440002,850e8400-e29b-41d4-a716-446655440002,17,11.66,2024-07-01,2026-06-30,14,1163,8,3,7.5,2.2,65,28,43.1,600,420,70.0,20,2,35,20,57.1,5,3,5,2,45,70,1,0,7.8,2024-12-20 00:00:00,2024-12-20 00:00:00
b0193660-7f96-4ebb-b5a8-91745722a903,616254d6-2ca0-4067-9568-bfd9f2cf52e2,750e8400-e29b-41d4-a716-446655440003,850e8400-e29b-41d4-a716-446655440003,22,47.45,2024-07-01,2026-06-30,18,1620,0,0,0.0,0.0,0,0,0.0,450,350,77.8,0,0,0,0,0.0,0,15,80,3,12,25,0,0,7.2,2024-12-20 00:00:00,2024-12-20 00:00:00
6fa512c9-9e9b-460d-bba1-28796c83dc01,f74d0356-be1d-4270-8ce8-88b24ce91e73,750e8400-e29b-41d4-a716-446655440003,850e8400-e29b-41d4-a716-446655440003,1,37.13,2024-07-01,2026-06-30,18,1620,0,0,0.0,0.0,0,0,0.0,450,350,77.8,0,0,0,0,0.0,0,15,80,3,12,25,0,0,7.2,2024-12-20 00:00:00,2024-12-20 00:00:00
2cafefcf-cb58-45c5-8852-044e5d269f9e,10038ea9-3b89-4263-ae1c-4ef13fdfaa74,750e8400-e29b-41d4-a716-446655440003,850e8400-e29b-41d4-a716-446655440003,3,65.68,2024-07-01,2026-06-30,17,1367,1,0,0.5,0.2,8,2,25.0,900,750,83.3,2,0,10,5,50.0,47,41,120,25,65,85,1,0,7.0,2024-12-20 00:00:00,2024-12-20 00:00:00
7b68035e-40c7-4a5f-b8e2-a2d33b5aa2cd,e69c9db1-f41c-4d34-a235-a54d7458dc38,750e8400-e29b-41d4-a716-446655440003,850e8400-e29b-41d4-a716-446655440003,26,82.24,2024-07-01,2026-06-30,17,1581,1,0,0.5,0.2,8,2,25.0,900,750,83.3,2,0,10,5,50.0,48,37,120,25,65,85,1,0,7.0,2024-12-20 00:00:00,2024-12-20 00:00:00
0f4e3ade-384d-4cfc-be0a-1e79f3277bd1,51a751c5-2ca6-4128-9fdb-075a9b82aa6c,750e8400-e29b-41d4-a716-446655440003,850e8400-e29b-41d4-a716-446655440003,21,31.46,2024-07-01,2026-06-30,17,1359,1,0,0.5,0.2,8,2,25.0,900,750,83.3,2,0,10,5,50.0,55,44,145,25,95,85,2,0,8.5,2024-12-20 00:00:00,2024-12-20 00:00:00
a5164009-bf05-4062-893a-26083616302b,1f1aaf6d-0233-4ab3-8fcf-abb0824b32d3,750e8400-e29b-41d4-a716-446655440003,850e8400-e29b-41d4-a716-446655440003,5,64.13,2024-07-01,2026-06-30,12,1462,1,0,0.5,0.2,8,2,25.0,900,750,83.3,2,0,10,5,50.0,37,28,120,25,65,85,1,0,7.0,2024-12-20 00:00:00,2024-12-20 00:00:00
81d8b14f-b2ab-496a-8833-b03989cbdf3a,0a36ed2d-a8d6-4c07-953f-30c5f38e37bf,750e8400-e29b-41d4-a716-446655440003,850e8400-e29b-41d4-a716-446655440003,11,95.23,2024-07-01,2026-06-30,19,1275,13,5,11.2,4.5,65,28,43.1,600,420,70.0,20,2,35,20,57.1,5,3,5,2,45,70,1,0,8.4,2024-12-20 00:00:00,2024-12-20 00:00:00
bed29c9b-9edf-4a2c-9502-edb4f18552e3,2606fd1c-c7b1-4ae0-a106-cd57f46adfae,750e8400-e29b-41d4-a716-446655440003,850e8400-e29b-41d4-a716-446655440003,20,11.23,2024-07-01,2026-06-30,15,1206,8,3,7.5,2.2,65,28,43.1,600,420,70.0,20,2,35,20,57.1,4,2,5,2,45,70,2,0,7.8,2024-12-20 00:00:00,2024-12-20 00:00:00
5132ecb4-ca88-4ff9-be9a-ea911badd8be,efb6060b-e629-4851-be2f-6339809d2e27,750e8400-e29b-41d4-a716-446655440003,850e8400-e29b-41d4-a716-446655440003,8,21.12,2024-07-01,2026-06-30,14,1669,3,2,2.5,1.8,35,12,34.3,1200,950,79.2,15,3,25,15,60.0,21,13,30,8,30,50,3,0,7.3,2024-12-20 00:00:00,2024-12-20 00:00:00
da6e0b70-5188-4fbd-8dbf-096e220e298f,34c40b4f-1387-4e4a-a588-fefc2ee69f76,750e8400-e29b-41d4-a716-446655440003,850e8400-e29b-41d4-a716-446655440003,10,10.82,2024-07-01,2026-06-30,14,1295,8,3,7.5,2.2,65,28,43.1,600,420,70.0,20,2,35,20,57.1,4,3,5,2,45,70,2,0,7.8,2024-12-20 00:00:00,2024-12-20 00:00:00
8df1fbfb-57b2-4fa2-a6d2-442c0087a595,4ae23553-92dd-4b6f-bcc8-99e58c634350,750e8400-e29b-41d4-a716-446655440004,850e8400-e29b-41d4-a716-446655440004,22,42.13,2024-07-01,2026-06-30,18,1620,0,0,0.0,0.0,0,0,0.0,450,350,77.8,0,0,0,0,0.0,0,15,80,3,12,25,0,0,7.2,2024-12-20 00:00:00,2024-12-20 00:00:00
e476c7c0-8418-40e1-ade5-8c2791e7fded,09aaf838-4a38-4c70-9954-bab1090bbaf0,750e8400-e29b-41d4-a716-446655440004,850e8400-e29b-41d4-a716-446655440004,1,46.47,2024-07-01,2026-06-30,18,1620,0,0,0.0,0.0,0,0,0.0,450,350,77.8,0,0,0,0,0.0,0,15,80,3,12,25,0,0,7.2,2024-12-20 00:00:00,2024-12-20 00:00:00
61e98d13-62e8-4de3-8e60-012f95784768,c5e8caaf-2ecc-4705-a6c4-985781d643f0,750e8400-e29b-41d4-a716-446655440004,850e8400-e29b-41d4-a716-446655440004,5,118.31,2024-07-01,2026-06-30,12,1342,1,0,0.5,0.2,8,2,25.0,900,750,83.3,2,0,10,5,50.0,43,28,120,25,65,85,1,0,7.0,2024-12-20 00:00:00,2024-12-20 00:00:00
dc58bed2-0381-4e1a-a391-20450d98b227,8441c1c0-57b8-4b64-9391-66b97f0a30ef,750e8400-e29b-41d4-a716-446655440004,850e8400-e29b-41d4-a716-446655440004,6,81.12,2024-07-01,2026-06-30,17,1503,1,0,0.5,0.2,8,2,25.0,900,750,83.3,2,0,10,5,50.0,48,38,120,25,65,85,2,0,7.0,2024-12-20 00:00:00,2024-12-20 00:00:00
1bf4ed85-b16d-41d7-931b-f72d03f01c43,6b087095-853f-451c-8384-321f2695eee0,750e8400-e29b-41d4-a716-446655440004,850e8400-e29b-41d4-a716-446655440004,27,11.57,2024-07-01,2026-06-30,12,1240,1,0,0.5,0.2,8,2,25.0,900,750,83.3,2,0,10,5,50.0,46,35,120,25,65,85,2,0,7.0,2024-12-20 00:00:00,2024-12-20 00:00:00
83c8ef9b-78c9-4bd7-9ef0-7dc79dfc4560,8910aaa3-f220-4499-8dfe-107daa3f7333,750e8400-e29b-41d4-a716-446655440004,850e8400-e29b-41d4-a716-446655440004,27,73.43,2024-07-01,2026-06-30,15,1540,1,0,0.5,0.2,8,2,25.0,900,750,83.3,2,0,10,5,50.0,53,29,120,25,65,85,1,0,7.0,2024-12-20 00:00:00,2024-12-20 00:00:00
1db4a9c8-aa75-4426-82e0-c2caa2e024f6,ce0721b2-862d-43e1-bd3d-07a027fa383b,750e8400-e29b-41d4-a716-446655440004,850e8400-e29b-41d4-a716-446655440004,18,14.43,2024-07-01,2026-06-30,18,1384,8,3,7.5,2.2,65,28,43.1,600,420,70.0,20,2,35,20,57.1,5,3,5,2,45,70,1,0,7.8,2024-12-20 00:00:00,2024-12-20 00:00:00
2677afeb-847c-4d5c-abf7-63b717bec246,9cf52e23-00ad-4e45-94b8-19303aef14fe,750e8400-e29b-41d4-a716-446655440004,850e8400-e29b-41d4-a716-446655440004,23,79.23,2024-07-01,2026-06-30,15,1383,3,2,2.5,1.8,35,12,34.3,1200,950,79.2,15,3,25,15,60.0,23,13,30,8,30,50,2,0,7.3,2024-12-20 00:00:00,2024-12-20 00:00:00
e790e309-d1bb-42f3-9f23-533cab995539,d8c8283e-4b7f-4735-9d91-ad5aa5724230,750e8400-e29b-41d4-a716-446655440004,850e8400-e29b-41d4-a716-446655440004,19,13.42,2024-07-01,2026-06-30,15,1684,3,1,2.5,1.8,35,12,34.3,1200,950,79.2,15,3,25,15,60.0,24,17,30,8,30,50,3,0,7.3,2024-12-20 00:00:00,2024-12-20 00:00:00
bfa5c03d-b54e-4ddf-b857-762436c58c51,cc23853a-f93c-4d4d-bdd2-4126e18127f0,750e8400-e29b-41d4-a716-446655440004,850e8400-e29b-41d4-a716-446655440004,10,55.39,2024-07-01,2026-06-30,16,1228,8,2,7.5,2.2,65,28,43.1,600,420,70.0,20,2,35,20,57.1,4,2,5,2,45,70,1,0,7.8,2024-12-20 00:00:00,2024-12-20 00:00:00
6ad3094f-9160-491f-b581-642d839b366f,fde8beba-805a-41e1-8228-2f17a8c297a7,750e8400-e29b-41d4-a716-446655440005,850e8400-e29b-41d4-a716-446655440005,22,35.77,2024-07-01,2026-06-30,18,1620,0,0,0.0,0.0,0,0,0.0,450,350,77.8,0,0,0,0,0.0,0,15,80,3,12,25,0,0,7.2,2024-12-20 00:00:00,2024-12-20 00:00:00
1af93f64-f884-4b69-92f1-d46d8df3ca1e,8f902ccf-bf6e-47bd-bc2d-07cb4c7874e1,750e8400-e29b-41d4-a716-446655440005,850e8400-e29b-41d4-a716-446655440005,22,49.22,2024-07-01,2026-06-30,18,1620,0,0,0.0,0.0,0,0,0.0,450,350,77.8,0,0,0,0,0.0,0,15,80,3,12,25,0,0,7.2,2024-12-20 00:00:00,2024-12-20 00:00:00
1191b19c-ec09-4b05-b6dc-5f4db65ccb09,45d9703f-8fa1-449f-add2-61a459f2395b,750e8400-e29b-41d4-a716-446655440005,850e8400-e29b-41d4-a716-446655440005,2,107.32,2024-07-01,2026-06-30,16,1379,1,0,0.5,0.2,8,2,25.0,900,750,83.3,2,0,10,5,50.0,37,40,120,25,65,85,1,0,7.0,2024-12-20 00:00:00,2024-12-20 00:00:00
368696a6-3fb6-4b1e-b0c4-95503df5f13b,14e7e24f-7da8-4252-8079-84600d402452,750e8400-e29b-41d4-a716-446655440005,850e8400-e29b-41d4-a716-446655440005,4,61.18,2024-07-01,2026-06-30,13,1406,1,0,0.5,0.2,8,2,25.0,900,750,83.3,2,0,10,5,50.0,39,36,120,25,65,85,1,0,7.0,2024-12-20 00:00:00,2024-12-20 00:00:00
61e3b7ad-a4f0-4871-b76a-d2ad2cb09146,c5d1c97a-67c7-4cdb-b6fc-5619339708cf,750e8400-e29b-41d4-a716-446655440005,850e8400-e29b-41d4-a716-446655440005,2,35.12,2024-07-01,2026-06-30,12,1308,1,0,0.5,0.2,8,2,25.0,900,750,83.3,2,0,10,5,50.0,36,38,120,25,65,85,2,0,7.0,2024-12-20 00:00:00,2024-12-20 00:00:00
1a78c446-a48b-4e68-b699-1d0583e9357a,eaf1da4e-1833-45fc-a1cc-86ee715d6cca,750e8400-e29b-41d4-a716-446655440005,850e8400-e29b-41d4-a716-446655440005,27,67.74,2024-07-01,2026-06-30,15,1310,1,0,0.5,0.2,8,2,25.0,900,750,83.3,2,0,10,5,50.0,37,40,120,25,65,85,2,0,7.0,2024-12-20 00:00:00,2024-12-20 00:00:00
b5479956-59da-48b5-8822-aafd01231cf0,974e4185-083b-4ea6-879a-0cbf1d79d6de,750e8400-e29b-41d4-a716-446655440005,850e8400-e29b-41d4-a716-446655440005,14,103.98,2024-07-01,2026-06-30,17,1314,3,1,2.5,1.8,35,12,34.3,1200,950,79.2,15,3,25,15,60.0,23,17,30,8,30,50,3,0,7.3,2024-12-20 00:00:00,2024-12-20 00:00:00
22165f9b-1cc0-4af7-a296-c5ffece37611,10ee65dd-6b91-42b9-a753-b66cd462741a,750e8400-e29b-41d4-a716-446655440005,850e8400-e29b-41d4-a716-446655440005,14,76.38,2024-07-01,2026-06-30,15,1376,3,1,2.5,1.8,35,12,34.3,1200,950,79.2,15,3,25,15,60.0,27,17,30,8,30,50,2,0,7.3,2024-12-20 00:00:00,2024-12-20 00:00:00
cb0a0c21-11c0-4f1c-b984-5e346804f9c3,6553b1d5-7808-4665-bdca-f9a55720cddc,750e8400-e29b-41d4-a716-446655440005,850e8400-e29b-41d4-a716-446655440005,10,25.63,2024-07-01,2026-06-30,18,1288,8,2,7.5,2.2,65,28,43.1,600,420,70.0,20,2,35,20,57.1,5,2,5,2,45,70,1,0,7.8,2024-12-20 00:00:00,2024-12-20 00:00:00
6155cb0f-160f-4e18-aefe-6c0e350baa22,f10dab69-25dc-4365-be9b-a5224b323284,750e8400-e29b-41d4-a716-446655440005,850e8400-e29b-41d4-a716-446655440005,11,85.65,2024-07-01,2026-06-30,17,1389,8,3,7.5,2.2,65,28,43.1,600,420,70.0,20,2,35,20,57.1,5,2,5,2,45,70,1,0,7.8,2024-12-20 00:00:00,2024-12-20 00:00:00
052c1e94-f55c-4027-baeb-e49732cc75bd,7248a956-3dcd-4a43-986e-c4dcbacb1bd4,750e8400-e29b-41d4-a716-446655440006,850e8400-e29b-41d4-a716-446655440006,13,43.86,2024-07-01,2026-06-30,18,1620,0,0,0.0,0.0,0,0,0.0,450,350,77.8,0,0,0,0,0.0,0,15,80,3,12,25,0,0,7.2,2024-12-20 00:00:00,2024-12-20 00:00:00
63fea164-7bbc-48bc-9e17-bc2131863b3f,aea1c44b-548a-4f48-abd2-5a4e68b408b8,750e8400-e29b-41d4-a716-446655440006,850e8400-e29b-41d4-a716-446655440006,13,12.68,2024-07-01,2026-06-30,18,1620,0,0,0.0,0.0,0,0,0.0,450,350,77.8,0,0,0,0,0.0,0,15,80,3,12,25,0,0,7.2,2024-12-20 00:00:00,2024-12-20 00:00:00
889b810f-cd97-4d4a-9f33-cf1f87522dc2,5938c3e1-8929-4262-bcbc-f83ff3adc0d2,750e8400-e29b-41d4-a716-446655440006,850e8400-e29b-41d4-a716-446655440006,27,37.04,2024-07-01,2026-06-30,14,1523,1,0,0.5,0.2,8,2,25.0,900,750,83.3,2,0,10,5,50.0,40,37,120,25,65,85,1,0,7.0,2024-12-20 00:00:00,2024-12-20 00:00:00
55449da9-dc65-47be-8d2e-e02f3f905510,acf9589e-0e30-4160-bb59-61c9d75db6e9,750e8400-e29b-41d4-a716-446655440006,850e8400-e29b-41d4-a716-446655440006,3,113.01,2024-07-01,2026-06-30,17,1230,1,0,0.5,0.2,8,2,25.0,900,750,83.3,2,0,10,5,50.0,43,41,120,25,65,85,2,0,7.0,2024-12-20 00:00:00,2024-12-20 00:00:00
d17d58cf-f8f6-4256-8b8d-3ffea87fc0d7,71664ef0-9cda-493a-93de-72171ede39ba,750e8400-e29b-41d4-a716-446655440006,850e8400-e29b-41d4-a716-446655440006,3,44.75,2024-07-01,2026-06-30,17,1221,1,0,0.5,0.2,8,2,25.0,900,750,83.3,2,0,10,5,50.0,53,28,120,25,65,85,2,0,7.0,2024-12-20 00:00:00,2024-12-20 00:00:00
701399c1-232c-4031-b213-64a6faf786d0,061bd0de-3754-4de0-a2e7-4cb4a5cc58d7,750e8400-e29b-41d4-a716-446655440006,850e8400-e29b-41d4-a716-446655440006,21,55.15,2024-07-01,2026-06-30,14,1611,1,0,0.5,0.2,8,2,25.0,900,750,83.3,2,0,10,5,50.0,52,30,120,25,65,85,1,0,7.0,2024-12-20 00:00:00,2024-12-20 00:00:00
a4760bda-bd65-48e6-946b-453898479db0,553e2411-08a4-4b4a-bbff-6cc1347363fd,750e8400-e29b-41d4-a716-446655440006,850e8400-e29b-41d4-a716-446655440006,23,13.05,2024-07-01,2026-06-30,19,1553,3,2,2.5,1.8,35,12,34.3,1200,950,79.2,15,3,25,15,60.0,27,16,30,8,30,50,2,0,7.3,2024-12-20 00:00:00,2024-12-20 00:00:00
b0322596-7d8d-4f13-af62-933681d679a4,56ee87d0-f19a-42ac-b3de-e111a69c6b58,750e8400-e29b-41d4-a716-446655440006,850e8400-e29b-41d4-a716-446655440006,14,42.51,2024-07-01,2026-06-30,17,1629,3,1,2.5,1.8,35,12,34.3,1200,950,79.2,15,3,25,15,60.0,29,15,30,8,30,50,3,0,7.3,2024-12-20 00:00:00,2024-12-20 00:00:00
0df155d4-6acc-433d-9c78-420491d4f223,72f8a56d-76f9-446a-b7c2-7453ef0f675d,750e8400-e29b-41d4-a716-446655440006,850e8400-e29b-41d4-a716-446655440006,18,75.78,2024-07-01,2026-06-30,14,1225,10,3,8.2,3.1,65,28,43.1,600,420,70.0,20,2,35,20,57.1,5,3,5,2,45,70,2,0,7.8,2024-12-20 00:00:00,2024-12-20 00:00:00
449daa9e-6777-45aa-9bed-ab2785e20a96,3774999e-f4b4-45e2-a730-562eecbedece,750e8400-e29b-41d4-a716-446655440006,850e8400-e29b-41d4-a716-446655440006,11,42.06,2024-07-01,2026-06-30,15,1632,8,2,7.5,2.2,65,28,43.1,600,420,70.0,20,2,35,20,57.1,4,3,5,2,45,70,2,0,7.8,2024-12-20 00:00:00,2024-12-20 00:00:00
ead61a57-437a-40f2-84ed-0395714ddfa9,e600505f-16a2-4237-a561-7a34d39c78d2,750e8400-e29b-41d4-a716-446655440007,850e8400-e29b-41d4-a716-446655440007,13,23.22,2024-07-01,2026-06-30,18,1620,0,0,0.0,0.0,0,0,0.0,450,350,77.8,0,0,0,0,0.0,0,15,80,3,12,25,0,0,7.2,2024-12-20 00:00:00,2024-12-20 00:00:00
05a55a38-527b-4e91-9a86-794b89e6fcef,5332a2f7-4cc7-4b0e-bb10-59538ea130ac,750e8400-e29b-41d4-a716-446655440007,850e8400-e29b-41d4-a716-446655440007,1,26.54,2024-07-01,2026-06-30,18,1620,0,0,0.0,0.0,0,0,0.0,450,350,77.8,0,0,0,0,0.0,0,15,80,3,12,25,0,0,7.2,2024-12-20 00:00:00,2024-12-20 00:00:00
648095fd-4ddc-4660-8a7e-0e63797c7829,7aa81bb5-003a-45d3-802a-dcebf6807668,750e8400-e29b-41d4-a716-446655440007,850e8400-e29b-41d4-a716-446655440007,4,32.01,2024-07-01,2026-06-30,15,1233,1,0,0.5,0.2,8,2,25.0,900,750,83.3,2,0,10,5,50.0,47,29,120,25,65,85,2,0,7.0,2024-12-20 00:00:00,2024-12-20 00:00:00
adac3b77-03ec-4c44-be1a-7386460c566e,199d0b9d-5930-45f9-99d3-6b8133569ee1,750e8400-e29b-41d4-a716-446655440007,850e8400-e29b-41d4-a716-446655440007,6,13.38,2024-07-01,2026-06-30,13,1187,1,0,0.5,0.2,8,2,25.0,900,750,83.3,2,0,10,5,50.0,40,34,120,25,65,85,2,0,7.0,2024-12-20 00:00:00,2024-12-20 00:00:00
2e21adb2-1e7d-4844-8791-4de5a38debfa,6753034b-58dc-48b0-aa1b-525d87e72b43,750e8400-e29b-41d4-a716-446655440007,850e8400-e29b-41d4-a716-446655440007,26,84.08,2024-07-01,2026-06-30,17,1390,1,0,0.5,0.2,8,2,25.0,900,750,83.3,2,0,10,5,50.0,42,33,120,25,65,85,1,0,7.0,2024-12-20 00:00:00,2024-12-20 00:00:00
6db470c6-a3c6-40a8-aefd-89bd3724b473,e4c7cda9-597a-4b69-b251-bc37fc798565,750e8400-e29b-41d4-a716-446655440007,850e8400-e29b-41d4-a716-446655440007,3,110.51,2024-07-01,2026-06-30,16,1198,1,0,0.5,0.2,8,2,25.0,900,750,83.3,2,0,10,5,50.0,48,34,120,25,65,85,2,0,7.0,2024-12-20 00:00:00,2024-12-20 00:00:00
ea3974ce-7df8-4891-a86d-080d82c38e27,38c7b0b9-1bee-4712-a62e-42ea73838015,750e8400-e29b-41d4-a716-446655440007,850e8400-e29b-41d4-a716-446655440007,9,107.51,2024-07-01,2026-06-30,15,1613,8,3,7.5,2.2,65,28,43.1,600,420,70.0,20,2,35,20,57.1,5,3,5,2,45,70,2,0,7.8,2024-12-20 00:00:00,2024-12-20 00:00:00
68acbbf9-ac44-472f-ab2d-977caf4069a4,67a75e7e-48e7-4cb2-aedd-4a2595a6946b,750e8400-e29b-41d4-a716-446655440007,850e8400-e29b-41d4-a716-446655440007,23,91.45,2024-07-01,2026-06-30,16,1778,3,1,2.5,1.8,35,12,34.3,1200,950,79.2,15,3,25,15,60.0,21,17,30,8,30,50,2,0,7.3,2024-12-20 00:00:00,2024-12-20 00:00:00
f5774440-20c8-4bb7-a632-b9ebdca62fc1,afc8fc30-36f2-4c83-bd2c-ac9e9d724f6d,750e8400-e29b-41d4-a716-446655440007,850e8400-e29b-41d4-a716-446655440007,11,36.25,2024-07-01,2026-06-30,18,1543,3,2,2.5,1.8,35,12,34.3,1200,950,79.2,15,3,25,15,60.0,22,12,30,8,30,50,2,0,7.3,2024-12-20 00:00:00,2024-12-20 00:00:00
49403f8c-7c43-48d4-ad50-75dc52e39c06,d25367f2-58a0-4062-b125-909fa729a74e,750e8400-e29b-41d4-a716-446655440007,850e8400-e29b-41d4-a716-446655440007,11,52.71,2024-07-01,2026-06-30,19,1198,11,2,9.5,2.4,65,28,43.1,600,420,70.0,20,2,35,20,57.1,4,2,5,2,45,70,1,0,8.0,2024-12-20 00:00:00,2024-12-20 00:00:00
bdfbb874-8dd6-465a-8383-5464dcc11858,e49240b8-6b8a-4b79-a54f-19d070dd950e,750e8400-e29b-41d4-a716-446655440008,850e8400-e29b-41d4-a716-446655440008,13,28.05,2024-07-01,2026-06-30,18,1620,0,0,0.0,0.0,0,0,0.0,450,350,77.8,0,0,0,0,0.0,0,15,80,3,12,25,0,0,7.2,2024-12-20 00:00:00,2024-12-20 00:00:00
39b055b5-e42c-40f1-bcdc-11417aeb2c38,98df0534-3186-48ae-9777-49e484194949,750e8400-e29b-41d4-a716-446655440008,850e8400-e29b-41d4-a716-446655440008,13,4.99,2024-07-01,2026-06-30,18,1620,0,0,0.0,0.0,0,0,0.0,450,350,77.8,0,0,0,0,0.0,0,15,80,3,12,25,0,0,7.2,2024-12-20 00:00:00,2024-12-20 00:00:00
2068e811-cf9f-454f-9ee3-baa224e6f684,b84dd7fc-938a-471e-a79e-5a00cebf7dfc,750e8400-e29b-41d4-a716-446655440008,850e8400-e29b-41d4-a716-446655440008,26,59.85,2024-07-01,2026-06-30,14,1495,1,0,0.5,0.2,8,2,25.0,900,750,83.3,2,0,10,5,50.0,36,40,120,25,65,85,2,0,7.0,2024-12-20 00:00:00,2024-12-20 00:00:00
7304e526-a785-45fe-8aa0-89727ccab6d6,fde3dd07-ad9f-466b-a7f2-d7bffed03ec4,750e8400-e29b-41d4-a716-446655440008,850e8400-e29b-41d4-a716-446655440008,21,96.98,2024-07-01,2026-06-30,13,1290,1,0,0.5,0.2,8,2,25.0,900,750,83.3,2,0,10,5,50.0,51,35,120,25,65,85,2,0,7.0,2024-12-20 00:00:00,2024-12-20 00:00:00
17b0aa3f-7b3d-482e-b207-8ed231bbb327,75a6c15a-17e3-49b2-8378-47e6ea760d82,750e8400-e29b-41d4-a716-446655440008,850e8400-e29b-41d4-a716-446655440008,5,88.28,2024-07-01,2026-06-30,14,1227,1,0,0.5,0.2,8,2,25.0,900,750,83.3,2,0,10,5,50.0,42,37,120,25,65,85,2,0,7.0,2024-12-20 00:00:00,2024-12-20 00:00:00
9510a7a5-349d-4318-b461-260c5d655eba,08725303-caa3-466d-910c-392b8451f00b,750e8400-e29b-41d4-a716-446655440008,850e8400-e29b-41d4-a716-446655440008,27,14.65,2024-07-01,2026-06-30,17,1609,1,0,0.5,0.2,8,2,25.0,900,750,83.3,2,0,10,5,50.0,52,36,120,25,65,85,2,0,7.0,2024-12-20 00:00:00,2024-12-20 00:00:00
4b53e641-620a-44f7-b0e9-34d163a58ecc,3e49d17d-60f9-4a60-8b8d-25c9944b1f58,750e8400-e29b-41d4-a716-446655440008,850e8400-e29b-41d4-a716-446655440008,15,92.54,2024-07-01,2026-06-30,14,1506,3,1,2.5,1.8,35,12,34.3,1200,950,79.2,15,3,25,15,60.0,23,13,30,8,30,50,2,0,7.3,2024-12-20 00:00:00,2024-12-20 00:00:00
38cec6d0-48be-48f2-999c-809c4078d197,dfb89844-d1ba-458d-9cee-f91efd5fe080,750e8400-e29b-41d4-a716-446655440008,850e8400-e29b-41d4-a716-446655440008,15,10.99,2024-07-01,2026-06-30,15,1806,3,1,2.5,1.8,35,12,34.3,1200,950,79.2,15,3,25,15,60.0,28,14,30,8,30,50,3,0,7.3,2024-12-20 00:00:00,2024-12-20 00:00:00
01dc21a8-52cc-401c-8f14-5e0c8600a880,5bb84cf5-aefc-4f8b-86fa-8973b3793e41,750e8400-e29b-41d4-a716-446655440008,850e8400-e29b-41d4-a716-446655440008,11,101.51,2024-07-01,2026-06-30,12,1191,9,2,8.1,1.8,65,28,43.1,600,420,70.0,20,2,35,20,57.1,4,2,5,2,45,70,1,0,7.7,2024-12-20 00:00:00,2024-12-20 00:00:00
13512989-4e43-40fd-84bb-7a41bd5244e5,42797902-4833-479f-926d-64e306705658,750e8400-e29b-41d4-a716-446655440008,850e8400-e29b-41d4-a716-446655440008,17,93.19,2024-07-01,2026-06-30,13,1224,8,3,7.5,2.2,65,28,43.1,600,420,70.0,20,2,35,20,57.1,5,2,5,2,45,70,2,0,7.8,2024-12-20 00:00:00,2024-12-20 00:00:00
a8acddcb-e11d-4b6e-b07a-a11c5d9d8021,5e4b36ba-af6f-4791-9d8b-c27a4d763239,750e8400-e29b-41d4-a716-446655440009,850e8400-e29b-41d4-a716-446655440009,1,31.08,2024-07-01,2026-06-30,18,1620,0,0,0.0,0.0,0,0,0.0,450,350,77.8,0,0,0,0,0.0,0,15,80,3,12,25,0,0,7.2,2024-12-20 00:00:00,2024-12-20 00:00:00
72a2daa9-65dc-470a-b46a-0a9fcb4767ea,a0ae2ba8-82f3-4240-8ca6-cbd477c5363f,750e8400-e29b-41d4-a716-446655440009,850e8400-e29b-41d4-a716-446655440009,22,36.48,2024-07-01,2026-06-30,18,1620,0,0,0.0,0.0,0,0,0.0,450,350,77.8,0,0,0,0,0.0,0,15,80,3,12,25,0,0,7.2,2024-12-20 00:00:00,2024-12-20 00:00:00
1b4a8de9-fe4c-4f96-b043-e4b6e9e99966,270ef98c-a3eb-49b3-aa26-12ceeec17244,750e8400-e29b-41d4-a716-446655440009,850e8400-e29b-41d4-a716-446655440009,4,50.62,2024-07-01,2026-06-30,17,1138,1,0,0.5,0.2,8,2,25.0,900,750,83.3,2,0,10,5,50.0,41,37,120,25,65,85,2,0,7.0,2024-12-20 00:00:00,2024-12-20 00:00:00
3057feed-0ccc-40cc-9ed8-b25104ad760d,98651ce2-d072-421d-bd06-c166809718bd,750e8400-e29b-41d4-a716-446655440009,850e8400-e29b-41d4-a716-446655440009,5,74.05,2024-07-01,2026-06-30,12,1452,1,0,0.5,0.2,8,2,25.0,900,750,83.3,2,0,10,5,50.0,37,38,120,25,65,85,2,0,7.0,2024-12-20 00:00:00,2024-12-20 00:00:00
a6af14d8-d2d5-4fb4-9c6c-2b44f8aa0f3e,0de26e5c-2513-44f5-bf31-81eb69a792ad,750e8400-e29b-41d4-a716-446655440009,850e8400-e29b-41d4-a716-446655440009,3,79.47,2024-07-01,2026-06-30,16,1385,1,0,0.5,0.2,8,2,25.0,900,750,83.3,2,0,10,5,50.0,45,37,120,25,65,85,1,0,7.0,2024-12-20 00:00:00,2024-12-20 00:00:00
eda6dfff-c63e-4a4c-85ab-fab5b526c75f,25696e52-439d-4d57-86ab-40de5489387f,750e8400-e29b-41d4-a716-446655440009,850e8400-e29b-41d4-a716-446655440009,2,86.34,2024-07-01,2026-06-30,17,1524,1,0,0.5,0.2,8,2,25.0,900,750,83.3,2,0,10,5,50.0,53,36,120,25,65,85,2,0,7.0,2024-12-20 00:00:00,2024-12-20 00:00:00
c49fced9-3ae4-44ae-9a3e-6b156361ecc3,c4046b31-862b-4ce9-ae55-bb76b1e2f03e,750e8400-e29b-41d4-a716-446655440009,850e8400-e29b-41d4-a716-446655440009,15,58.46,2024-07-01,2026-06-30,14,1543,3,2,2.5,1.8,35,12,34.3,1200,950,79.2,15,3,25,15,60.0,26,17,30,8,30,50,3,0,7.3,2024-12-20 00:00:00,2024-12-20 00:00:00
7cbda1dd-3771-4e0a-8ae0-4ef273c4ef3a,0c1ac28e-ba18-45e1-b17c-540a570dd7e5,750e8400-e29b-41d4-a716-446655440009,850e8400-e29b-41d4-a716-446655440009,11,70.53,2024-07-01,2026-06-30,15,1374,3,2,2.5,1.8,35,12,34.3,1200,950,79.2,15,3,25,15,60.0,22,14,30,8,30,50,3,0,7.3,2024-12-20 00:00:00,2024-12-20 00:00:00
5a136f18-2921-4d59-a8f9-75c4bac86926,69b1d69a-87f9-466d-86cb-7ccda0f6b328,750e8400-e29b-41d4-a716-446655440009,850e8400-e29b-41d4-a716-446655440009,18,44.14,2024-07-01,2026-06-30,15,1168,8,3,7.5,2.2,65,28,43.1,600,420,70.0,20,2,35,20,57.1,4,2,5,2,45,70,2,0,7.8,2024-12-20 00:00:00,2024-12-20 00:00:00
6816e5e3-39a7-45b9-a1c9-768ffc1356fd,a3edf4e0-8f18-4c09-8365-1082e7100a39,750e8400-e29b-41d4-a716-446655440009,850e8400-e29b-41d4-a716-446655440009,17,61.19,2024-07-01,2026-06-30,17,1311,8,2,7.5,2.2,65,28,43.1,600,420,70.0,20,2,35,20,57.1,5,2,5,2,45,70,2,0,7.8,2024-12-20 00:00:00,2024-12-20 00:00:00
8d3292d7-2b46-41a2-b8ba-785cbf484a21,7b4e1572-9908-49ef-8d9c-c004528bbf17,750e8400-e29b-41d4-a716-446655440010,850e8400-e29b-41d4-a716-446655440010,1,35.15,2024-07-01,2026-06-30,18,1620,0,0,0.0,0.0,0,0,0.0,450,350,77.8,0,0,0,0,0.0,0,15,80,3,12,25,0,0,7.2,2024-12-20 00:00:00,2024-12-20 00:00:00
65eb7b02-ab6c-4afb-8eff-f5ad6bd88ef4,4d384be8-d010-44eb-9d8b-c71ee8c7e161,750e8400-e29b-41d4-a716-446655440010,850e8400-e29b-41d4-a716-446655440010,22,36.17,2024-07-01,2026-06-30,18,1620,0,0,0.0,0.0,0,0,0.0,450,350,77.8,0,0,0,0,0.0,0,15,80,3,12,25,0,0,7.2,2024-12-20 00:00:00,2024-12-20 00:00:00
7c6d06e2-6b23-4190-90b6-40f8f7a877ef,8cb7553b-a6b0-46eb-ae2a-44557b5a4536,750e8400-e29b-41d4-a716-446655440010,850e8400-e29b-41d4-a716-446655440010,27,59.42,2024-07-01,2026-06-30,16,1130,1,0,0.5,0.2,8,2,25.0,900,750,83.3,2,0,10,5,50.0,48,32,120,25,65,85,2,0,7.0,2024-12-20 00:00:00,2024-12-20 00:00:00
0d29dce4-6c40-4988-8bb6-4ec0f8b8c4b1,6ed1c851-013c-4224-8cf4-7bf29dbd7a14,750e8400-e29b-41d4-a716-446655440010,850e8400-e29b-41d4-a716-446655440010,21,18.88,2024-07-01,2026-06-30,14,1482,1,0,0.5,0.2,8,2,25.0,900,750,83.3,2,0,10,5,50.0,48,31,120,25,65,85,1,0,7.0,2024-12-20 00:00:00,2024-12-20 00:00:00
00307eef-970f-441e-9cf9-3e76406cdc45,35375528-2ab1-4621-b679-a381f36eaf60,750e8400-e29b-41d4-a716-446655440010,850e8400-e29b-41d4-a716-446655440010,5,36.8,2024-07-01,2026-06-30,13,1481,1,0,0.5,0.2,8,2,25.0,900,750,83.3,2,0,10,5,50.0,48,30,120,25,65,85,2,0,7.0,2024-12-20 00:00:00,2024-12-20 00:00:00
9961943f-a70f-4c81-bae1-c549d259e169,4dc2939d-de45-43f7-93a1-431d376eb672,750e8400-e29b-41d4-a716-446655440010,850e8400-e29b-41d4-a716-446655440010,6,19.56,2024-07-01,2026-06-30,17,1529,1,0,0.5,0.2,8,2,25.0,900,750,83.3,2,0,10,5,50.0,42,32,120,25,65,85,2,0,7.0,2024-12-20 00:00:00,2024-12-20 00:00:00
51f5f068-5b21-4175-90b8-c7aa44c0cea9,3bb3d881-b7c8-4a60-b480-86a38d9f85fc,750e8400-e29b-41d4-a716-446655440010,850e8400-e29b-41d4-a716-446655440010,9,105.36,2024-07-01,2026-06-30,19,1470,8,3,7.5,2.2,65,28,43.1,600,420,70.0,20,2,35,20,57.1,4,3,5,2,45,70,1,0,7.8,2024-12-20 00:00:00,2024-12-20 00:00:00
5aa5908e-ea45-415a-a761-ead700b85db1,eeb4e9c3-60c8-45e2-8364-31e31b7221f5,750e8400-e29b-41d4-a716-446655440010,850e8400-e29b-41d4-a716-446655440010,11,99.54,2024-07-01,2026-06-30,16,1493,3,1,2.5,1.8,35,12,34.3,1200,950,79.2,15,3,25,15,60.0,20,17,30,8,30,50,2,0,7.3,2024-12-20 00:00:00,2024-12-20 00:00:00
0fbe6f59-7cf3-4458-b7a0-5621bd3a30f2,ec072560-8619-410e-a1cf-f4c52c7279f3,750e8400-e29b-41d4-a716-446655440010,850e8400-e29b-41d4-a716-446655440010,16,14.8,2024-07-01,2026-06-30,15,1484,8,3,7.5,2.2,65,28,43.1,600,420,70.0,20,2,35,20,57.1,4,3,5,2,45,70,2,0,7.8,2024-12-20 00:00:00,2024-12-20 00:00:00
41eda34d-d228-4a4b-b375-d65f56ef9131,053d4f8b-ed64-4cc9-9855-a9d8d07dcdce,750e8400-e29b-41d4-a716-446655440010,850e8400-e29b-41d4-a716-446655440010,10,56.81,2024-07-01,2026-06-30,13,1592,8,3,7.5,2.2,65,28,43.1,600,420,70.0,20,2,35,20,57.1,5,2,5,2,45,70,2,0,7.8,2024-12-20 00:00:00,2024-12-20 00:00:00
d0cd05cd-99e3-4f01-907e-bdd6efe38ddf,8d417cee-dfe7-49e3-8c9f-42ca49a94dc6,750e8400-e29b-41d4-a716-446655440011,850e8400-e29b-41d4-a716-446655440011,13,16.27,2024-07-01,2026-06-30,18,1620,0,0,0.0,0.0,0,0,0.0,450,350,77.8,0,0,0,0,0.0,0,15,80,3,12,25,0,0,7.2,2024-12-20 00:00:00,2024-12-20 00:00:00
07d8a77b-1bf7-49bd-a0f2-ae2a0626c25e,c60f0232-6ad9-4540-90d5-1de4c282593f,750e8400-e29b-41d4-a716-446655440011,850e8400-e29b-41d4-a716-446655440011,22,49.52,2024-07-01,2026-06-30,18,1620,0,0,0.0,0.0,0,0,0.0,450,350,77.8,0,0,0,0,0.0,0,15,80,3,12,25,0,0,7.2,2024-12-20 00:00:00,2024-12-20 00:00:00
aca25a66-28dc-4ada-80bb-d7d82d366b6b,cea5637e-e83b-4d77-a72e-57b65f360d6f,750e8400-e29b-41d4-a716-446655440011,850e8400-e29b-41d4-a716-446655440011,6,35.43,2024-07-01,2026-06-30,15,1112,1,0,0.5,0.2,8,2,25.0,900,750,83.3,2,0,10,5,50.0,37,38,120,25,65,85,2,0,7.0,2024-12-20 00:00:00,2024-12-20 00:00:00
d9b99693-c92d-4a5e-833b-a6329b5da254,4d7e9b9e-e9f9-4fe4-bf0b-3ea5bf75bb4b,750e8400-e29b-41d4-a716-446655440011,850e8400-e29b-41d4-a716-446655440011,3,38.49,2024-07-01,2026-06-30,12,1173,1,0,0.5,0.2,8,2,25.0,900,750,83.3,2,0,10,5,50.0,36,34,120,25,65,85,2,0,7.0,2024-12-20 00:00:00,2024-12-20 00:00:00
a4820226-4a04-4424-806e-95826d8f104e,d660ead6-611a-49bf-a79e-b498df4f707a,750e8400-e29b-41d4-a716-446655440011,850e8400-e29b-41d4-a716-446655440011,5,95.99,2024-07-01,2026-06-30,13,1232,1,0,0.5,0.2,8,2,25.0,900,750,83.3,2,0,10,5,50.0,37,31,120,25,65,85,1,0,7.0,2024-12-20 00:00:00,2024-12-20 00:00:00
5f1dbe9b-bfa3-4152-b98d-54c99880ef72,7cd9de8b-a6d8-4bbc-a7de-f18b7154e82d,750e8400-e29b-41d4-a716-446655440011,850e8400-e29b-41d4-a716-446655440011,5,24.08,2024-07-01,2026-06-30,14,1374,1,0,0.5,0.2,8,2,25.0,900,750,83.3,2,0,10,5,50.0,52,39,120,25,65,85,1,0,7.0,2024-12-20 00:00:00,2024-12-20 00:00:00
396db05a-f4fa-4664-9c93-26c923af0d42,933b4169-3a9c-41d5-bc0b-408969f7aa4d,750e8400-e29b-41d4-a716-446655440011,850e8400-e29b-41d4-a716-446655440011,11,51.29,2024-07-01,2026-06-30,16,1626,8,3,7.5,2.2,65,28,43.1,600,420,70.0,20,2,35,20,57.1,4,2,5,2,45,70,1,0,7.8,2024-12-20 00:00:00,2024-12-20 00:00:00
aa8550a5-066d-4503-b3b8-5d923ac5337a,3aa32415-0a46-4a91-9e1c-5b35e8492bfd,750e8400-e29b-41d4-a716-446655440011,850e8400-e29b-41d4-a716-446655440011,11,33.79,2024-07-01,2026-06-30,17,1526,3,1,2.5,1.8,35,12,34.3,1200,950,79.2,15,3,25,15,60.0,20,14,30,8,30,50,2,0,7.3,2024-12-20 00:00:00,2024-12-20 00:00:00
7021daa5-7f78-4f8a-957d-4b6f6ab317e4,1fc2120a-2058-4d30-861b-fb5aa39628e4,750e8400-e29b-41d4-a716-446655440011,850e8400-e29b-41d4-a716-446655440011,8,99.46,2024-07-01,2026-06-30,15,1636,3,2,2.5,1.8,35,12,34.3,1200,950,79.2,15,3,25,15,60.0,25,12,30,8,30,50,3,0,7.3,2024-12-20 00:00:00,2024-12-20 00:00:00
adcce5b2-664f-4511-b7a5-1ed7d6797626,9bcfd561-adde-4404-8a1c-3884bf9acfac,750e8400-e29b-41d4-a716-446655440011,850e8400-e29b-41d4-a716-446655440011,17,72.31,2024-07-01,2026-06-30,13,1587,8,2,7.5,2.2,65,28,43.1,600,420,70.0,20,2,35,20,57.1,5,3,5,2,45,70,1,0,7.8,2024-12-20 00:00:00,2024-12-20 00:00:00
a9288bfb-eb5f-43bb-9474-15a2ce78f917,4e5062de-bbe3-49c8-83ae-0eb2beee89a3,750e8400-e29b-41d4-a716-446655440012,850e8400-e29b-41d4-a716-446655440012,22,41.08,2024-07-01,2026-06-30,18,1620,0,0,0.0,0.0,0,0,0.0,450,350,77.8,0,0,0,0,0.0,0,15,80,3,12,25,0,0,7.2,2024-12-20 00:00:00,2024-12-20 00:00:00
b5877b43-57ed-469f-bfa8-a20f5559af38,fb7317e0-28aa-4310-8d83-9393d96c830e,750e8400-e29b-41d4-a716-446655440012,850e8400-e29b-41d4-a716-446655440012,1,24.56,2024-07-01,2026-06-30,18,1620,0,0,0.0,0.0,0,0,0.0,450,350,77.8,0,0,0,0,0.0,0,15,80,3,12,25,0,0,7.2,2024-12-20 00:00:00,2024-12-20 00:00:00
14d547d3-ed7e-44f3-8b01-fe980231bda1,b4b2f5bd-e154-4af2-9274-651a0cca4851,750e8400-e29b-41d4-a716-446655440012,850e8400-e29b-41d4-a716-446655440012,26,113.7,2024-07-01,2026-06-30,13,1441,1,0,0.5,0.2,8,2,25.0,900,750,83.3,2,0,10,5,50.0,41,37,120,25,65,85,1,0,7.0,2024-12-20 00:00:00,2024-12-20 00:00:00
21a11b0d-5b44-4b02-ae09-c2b68c365642,10da5fc3-d0ca-47fb-a96e-ff0ff02319c3,750e8400-e29b-41d4-a716-446655440012,850e8400-e29b-41d4-a716-446655440012,2,118.63,2024-07-01,2026-06-30,14,1249,1,0,0.5,0.2,8,2,25.0,900,750,83.3,2,0,10,5,50.0,53,33,120,25,65,85,2,0,7.0,2024-12-20 00:00:00,2024-12-20 00:00:00
262f6b16-8f92-454a-8c84-df844526a48f,2cad662e-a8f7-4bab-b380-72fe2d5fd6ff,750e8400-e29b-41d4-a716-446655440012,850e8400-e29b-41d4-a716-446655440012,27,28.41,2024-07-01,2026-06-30,14,1181,1,0,0.5,0.2,8,2,25.0,900,750,83.3,2,0,10,5,50.0,49,36,120,25,65,85,2,0,7.0,2024-12-20 00:00:00,2024-12-20 00:00:00
42c5a015-c582-49db-8b4d-b3893cc96f2c,31fa3169-09cb-46d0-a3e2-2ede6048c867,750e8400-e29b-41d4-a716-446655440012,850e8400-e29b-41d4-a716-446655440012,4,32.52,2024-07-01,2026-06-30,17,1316,1,0,0.5,0.2,8,2,25.0,900,750,83.3,2,0,10,5,50.0,38,41,120,25,65,85,2,0,7.0,2024-12-20 00:00:00,2024-12-20 00:00:00
30f6bc6f-7fe6-4490-a46b-fe1abed7fddc,1266d5ef-e933-46eb-a176-a881644c7630,750e8400-e29b-41d4-a716-446655440012,850e8400-e29b-41d4-a716-446655440012,10,113.91,2024-07-01,2026-06-30,14,1159,8,2,7.5,2.2,65,28,43.1,600,420,70.0,20,2,35,20,57.1,4,3,5,2,45,70,1,0,7.8,2024-12-20 00:00:00,2024-12-20 00:00:00
fa479916-0893-49b2-9220-7c7b4c93ffa6,c5cb9484-b40d-403a-b80f-1e6a8f70d37b,750e8400-e29b-41d4-a716-446655440012,850e8400-e29b-41d4-a716-446655440012,9,33.03,2024-07-01,2026-06-30,16,1662,3,2,2.5,1.8,35,12,34.3,1200,950,79.2,15,3,25,15,60.0,22,17,30,8,30,50,3,0,7.3,2024-12-20 00:00:00,2024-12-20 00:00:00
3d447374-e21e-4252-9378-c9f6827aa611,98a045b0-2a30-4d63-ae00-5897f972bdab,750e8400-e29b-41d4-a716-446655440012,850e8400-e29b-41d4-a716-446655440012,23,93.86,2024-07-01,2026-06-30,14,1340,3,2,2.5,1.8,35,12,34.3,1200,950,79.2,15,3,25,15,60.0,27,12,30,8,30,50,2,0,7.3,2024-12-20 00:00:00,2024-12-20 00:00:00
f2a2ac8e-0617-47ec-bda3-99388c73d807,57fabfc7-12c2-4f73-a5e3-ae74855ee0af,750e8400-e29b-41d4-a716-446655440012,850e8400-e29b-41d4-a716-446655440012,20,72.5,2024-07-01,2026-06-30,15,1690,8,3,7.5,2.2,65,28,43.1,600,420,70.0,20,2,35,20,57.1,5,2,5,2,45,70,1,0,7.8,2024-12-20 00:00:00,2024-12-20 00:00:00
ab9bdf1d-fdd5-4aa6-8462-6faf50203951,0024780b-a1f9-41f4-8d31-8896bf2cef9d,750e8400-e29b-41d4-a716-446655440013,850e8400-e29b-41d4-a716-446655440013,22,25.5,2024-07-01,2026-06-30,18,1620,0,0,0.0,0.0,0,0,0.0,450,350,77.8,0,0,0,0,0.0,0,15,80,3,12,25,0,0,7.2,2024-12-20 00:00:00,2024-12-20 00:00:00
f1521e48-1f97-4920-be8c-a4d93c9dcd76,257b7e40-1400-4f73-897a-913d9245064a,750e8400-e29b-41d4-a716-446655440013,850e8400-e29b-41d4-a716-446655440013,1,23.43,2024-07-01,2026-06-30,18,1620,0,0,0.0,0.0,0,0,0.0,450,350,77.8,0,0,0,0,0.0,0,15,80,3,12,25,0,0,7.2,2024-12-20 00:00:00,2024-12-20 00:00:00
be4367a0-f7fc-435d-88fd-643c827d941c,f73e76eb-a35c-4f2c-88a1-f4454bde7594,750e8400-e29b-41d4-a716-446655440013,850e8400-e29b-41d4-a716-446655440013,27,85.21,2024-07-01,2026-06-30,14,1378,1,0,0.5,0.2,8,2,25.0,900,750,83.3,2,0,10,5,50.0,44,32,120,25,65,85,1,0,7.0,2024-12-20 00:00:00,2024-12-20 00:00:00
47d0d506-33d2-4ccf-b032-0bd9b066c55e,ed42c7fa-9c69-43ba-9c92-764293988227,750e8400-e29b-41d4-a716-446655440013,850e8400-e29b-41d4-a716-446655440013,26,49.4,2024-07-01,2026-06-30,13,1498,1,0,0.5,0.2,8,2,25.0,900,750,83.3,2,0,10,5,50.0,49,37,120,25,65,85,2,0,7.0,2024-12-20 00:00:00,2024-12-20 00:00:00
c1b7c414-f595-4740-87dc-15b2178fa400,c15083e2-bc87-4d4b-a585-7872e24877f7,750e8400-e29b-41d4-a716-446655440013,850e8400-e29b-41d4-a716-446655440013,4,55.64,2024-07-01,2026-06-30,14,1099,1,0,0.5,0.2,8,2,25.0,900,750,83.3,2,0,10,5,50.0,46,40,120,25,65,85,2,0,7.0,2024-12-20 00:00:00,2024-12-20 00:00:00
e36f7073-b856-4a64-8c30-4edea94cb448,1d5cf565-8992-4207-bcf2-71ac022ea613,750e8400-e29b-41d4-a716-446655440013,850e8400-e29b-41d4-a716-446655440013,27,35.48,2024-07-01,2026-06-30,12,1157,1,0,0.5,0.2,8,2,25.0,900,750,83.3,2,0,10,5,50.0,53,29,120,25,65,85,2,0,7.0,2024-12-20 00:00:00,2024-12-20 00:00:00
523bb3c1-2315-4ab0-897b-238055e869e4,2902cf74-38f7-4788-be91-21565413f5d2,750e8400-e29b-41d4-a716-446655440013,850e8400-e29b-41d4-a716-446655440013,17,41.42,2024-07-01,2026-06-30,17,1526,8,3,7.5,2.2,65,28,43.1,600,420,70.0,20,2,35,20,57.1,5,3,5,2,45,70,1,0,7.8,2024-12-20 00:00:00,2024-12-20 00:00:00
0737aa5d-4559-45a1-bbb5-96c53fd0b94b,c09ae080-091c-444d-a97e-6d6c7d53e504,750e8400-e29b-41d4-a716-446655440013,850e8400-e29b-41d4-a716-446655440013,19,90.88,2024-07-01,2026-06-30,19,1245,3,1,2.5,1.8,35,12,34.3,1200,950,79.2,15,3,25,15,60.0,26,17,30,8,30,50,3,0,7.3,2024-12-20 00:00:00,2024-12-20 00:00:00
5d799236-289f-4718-8bc3-bc5fdc227b5b,fb95f693-a005-4967-9ad4-feb6a7affa4b,750e8400-e29b-41d4-a716-446655440013,850e8400-e29b-41d4-a716-446655440013,15,8.33,2024-07-01,2026-06-30,20,1689,3,2,2.5,1.8,35,12,34.3,1200,950,79.2,15,3,25,15,60.0,21,12,30,8,30,50,2,0,7.3,2024-12-20 00:00:00,2024-12-20 00:00:00
df91f8d6-7996-48bb-a2d3-371fd22a022a,8ff8645c-3493-45ec-86d0-42ae2c1acff4,750e8400-e29b-41d4-a716-446655440013,850e8400-e29b-41d4-a716-446655440013,11,96.14,2024-07-01,2026-06-30,17,1320,8,2,7.5,2.2,65,28,43.1,600,420,70.0,20,2,35,20,57.1,4,3,5,2,45,70,2,0,7.8,2024-12-20 00:00:00,2024-12-20 00:00:00
2b17a93d-2358-40eb-84f1-7ea95ce7816b,c469604b-4163-4dba-856d-9c77182bebdb,750e8400-e29b-41d4-a716-446655440014,850e8400-e29b-41d4-a716-446655440014,1,10.4,2024-07-01,2026-06-30,18,1620,0,0,0.0,0.0,0,0,0.0,450,350,77.8,0,0,0,0,0.0,0,15,80,3,12,25,0,0,7.2,2024-12-20 00:00:00,2024-12-20 00:00:00
6fda73fc-afae-427c-a374-5312b976d471,5e827415-2a00-4abb-a6da-56f218874486,750e8400-e29b-41d4-a716-446655440014,850e8400-e29b-41d4-a716-446655440014,22,43.8,2024-07-01,2026-06-30,18,1620,0,0,0.0,0.0,0,0,0.0,450,350,77.8,0,0,0,0,0.0,0,15,80,3,12,25,0,0,7.2,2024-12-20 00:00:00,2024-12-20 00:00:00
c84adedd-45d9-42b2-b155-39b02a63ca43,5a8e41f9-b94b-44d2-877c-ee571059987a,750e8400-e29b-41d4-a716-446655440014,850e8400-e29b-41d4-a716-446655440014,5,108.37,2024-07-01,2026-06-30,14,1394,1,0,0.5,0.2,8,2,25.0,900,750,83.3,2,0,10,5,50.0,47,34,120,25,65,85,2,0,7.0,2024-12-20 00:00:00,2024-12-20 00:00:00
f1583d08-2ce6-4b4f-a9de-72697d357860,6ffc4f77-5078-416a-bc70-b3b897365ea6,750e8400-e29b-41d4-a716-446655440014,850e8400-e29b-41d4-a716-446655440014,27,78.48,2024-07-01,2026-06-30,17,1445,1,0,0.5,0.2,8,2,25.0,900,750,83.3,2,0,10,5,50.0,43,32,120,25,65,85,2,0,7.0,2024-12-20 00:00:00,2024-12-20 00:00:00
bba20fdc-0385-4052-acaa-81cec649674a,b6afeb4b-f8e9-4795-9664-4c5816874ea9,750e8400-e29b-41d4-a716-446655440014,850e8400-e29b-41d4-a716-446655440014,26,48.86,2024-07-01,2026-06-30,16,1326,1,0,0.5,0.2,8,2,25.0,900,750,83.3,2,0,10,5,50.0,53,39,120,25,65,85,1,0,7.0,2024-12-20 00:00:00,2024-12-20 00:00:00
360e8e7a-51a3-4adf-b6d3-bc9909718130,b4371deb-1805-4109-9aa9-b83c0f5dcea5,750e8400-e29b-41d4-a716-446655440014,850e8400-e29b-41d4-a716-446655440014,21,70.08,2024-07-01,2026-06-30,15,1616,1,0,0.5,0.2,8,2,25.0,900,750,83.3,2,0,10,5,50.0,53,37,120,25,65,85,1,0,7.0,2024-12-20 00:00:00,2024-12-20 00:00:00
7cf031cd-1322-4c3c-a2cb-a0fd601ab93e,638f7739-98cf-47f3-ba4d-183639d2004f,750e8400-e29b-41d4-a716-446655440014,850e8400-e29b-41d4-a716-446655440014,18,94.21,2024-07-01,2026-06-30,17,1712,8,3,7.5,2.2,65,28,43.1,600,420,70.0,20,2,35,20,57.1,5,3,5,2,45,70,2,0,7.8,2024-12-20 00:00:00,2024-12-20 00:00:00
875f420a-8e00-4471-8cef-2c7f09701542,e8900e3d-8e46-45e9-b797-99c9a751f744,750e8400-e29b-41d4-a716-446655440014,850e8400-e29b-41d4-a716-446655440014,10,80.81,2024-07-01,2026-06-30,16,1354,8,3,7.5,2.2,65,28,43.1,600,420,70.0,20,2,35,20,57.1,5,3,5,2,45,70,2,0,7.8,2024-12-20 00:00:00,2024-12-20 00:00:00
3c15b620-9fd2-4a23-8d88-985a740d5ed4,3f3378c3-b357-482c-9e50-c60588acc0d7,750e8400-e29b-41d4-a716-446655440014,850e8400-e29b-41d4-a716-446655440014,9,89.22,2024-07-01,2026-06-30,17,1776,3,2,2.5,1.8,35,12,34.3,1200,950,79.2,15,3,25,15,60.0,23,14,30,8,30,50,3,0,7.3,2024-12-20 00:00:00,2024-12-20 00:00:00
1fe4461d-58c1-4288-a7cd-4a84209e37e3,fd3e99a1-1571-48b7-9c6e-fdb03bd9ee1f,750e8400-e29b-41d4-a716-446655440014,850e8400-e29b-41d4-a716-446655440014,8,47.07,2024-07-01,2026-06-30,19,1423,3,1,2.5,1.8,35,12,34.3,1200,950,79.2,15,3,25,15,60.0,22,16,30,8,30,50,3,0,7.3,2024-12-20 00:00:00,2024-12-20 00:00:00
f03c10d1-8a7e-438f-a72f-ce7b229447de,5960f0f7-eab2-4422-b83f-ea7bcb93c19c,750e8400-e29b-41d4-a716-446655440015,850e8400-e29b-41d4-a716-446655440015,22,45.85,2024-07-01,2026-06-30,18,1620,0,0,0.0,0.0,0,0,0.0,450,350,77.8,0,0,0,0,0.0,0,15,80,3,12,25,0,0,7.2,2024-12-20 00:00:00,2024-12-20 00:00:00
64ad7962-4393-4b18-a2e1-3c826d44e63c,30a462a4-ea9f-4d36-81b5-3086760d878d,750e8400-e29b-41d4-a716-446655440015,850e8400-e29b-41d4-a716-446655440015,1,14.33,2024-07-01,2026-06-30,18,1620,0,0,0.0,0.0,0,0,0.0,450,350,77.8,0,0,0,0,0.0,0,15,80,3,12,25,0,0,7.2,2024-12-20 00:00:00,2024-12-20 00:00:00
295e1e53-d411-4270-a14b-4ba75c186674,c286e60a-b93c-414b-af8f-47ffd620d528,750e8400-e29b-41d4-a716-446655440015,850e8400-e29b-41d4-a716-446655440015,27,91.73,2024-07-01,2026-06-30,17,1239,1,0,0.5,0.2,8,2,25.0,900,750,83.3,2,0,10,5,50.0,50,34,120,25,65,85,1,0,7.0,2024-12-20 00:00:00,2024-12-20 00:00:00
cf23f3d6-ca12-482b-b95e-204dd69ef3e6,122f3ced-7617-4f63-921c-2c19a1b2557d,750e8400-e29b-41d4-a716-446655440015,850e8400-e29b-41d4-a716-446655440015,5,95.93,2024-07-01,2026-06-30,17,1471,1,0,0.5,0.2,8,2,25.0,900,750,83.3,2,0,10,5,50.0,53,39,120,25,65,85,1,0,7.0,2024-12-20 00:00:00,2024-12-20 00:00:00
61011054-5ede-4d5d-9e90-9cc94b6c46b4,da7ce359-25d7-416d-a552-70404d755155,750e8400-e29b-41d4-a716-446655440015,850e8400-e29b-41d4-a716-446655440015,2,78.43,2024-07-01,2026-06-30,13,1146,1,0,0.5,0.2,8,2,25.0,900,750,83.3,2,0,10,5,50.0,49,31,120,25,65,85,1,0,7.0,2024-12-20 00:00:00,2024-12-20 00:00:00
5a630e16-357c-48a2-a47d-c2dd10e337cf,359617a3-c48f-4e3a-a6ae-1c1bde31f667,750e8400-e29b-41d4-a716-446655440015,850e8400-e29b-41d4-a716-446655440015,21,30.46,2024-07-01,2026-06-30,12,1206,1,0,0.5,0.2,8,2,25.0,900,750,83.3,2,0,10,5,50.0,51,35,120,25,65,85,2,0,7.0,2024-12-20 00:00:00,2024-12-20 00:00:00
968515a1-9314-4d5b-a2c7-5c4b267dde4f,6d2dff3c-a0d5-473c-a0e8-94d917635c04,750e8400-e29b-41d4-a716-446655440015,850e8400-e29b-41d4-a716-446655440015,8,9.28,2024-07-01,2026-06-30,17,1508,3,2,2.5,1.8,35,12,34.3,1200,950,79.2,15,3,25,15,60.0,26,12,30,8,30,50,2,0,7.3,2024-12-20 00:00:00,2024-12-20 00:00:00
2de1eb87-ca13-4238-898b-bb1844c4fdc6,7c635170-d347-44ed-9449-d1a9bc2d8938,750e8400-e29b-41d4-a716-446655440015,850e8400-e29b-41d4-a716-446655440015,19,85.1,2024-07-01,2026-06-30,14,1367,3,2,2.5,1.8,35,12,34.3,1200,950,79.2,15,3,25,15,60.0,23,14,30,8,30,50,3,0,7.3,2024-12-20 00:00:00,2024-12-20 00:00:00
16bbb6d0-bcba-4c56-b1b6-f8efd95ade17,021dc46f-bc81-477d-8570-adc0ab012e68,750e8400-e29b-41d4-a716-446655440015,850e8400-e29b-41d4-a716-446655440015,17,51.93,2024-07-01,2026-06-30,15,1579,8,2,7.5,2.2,65,28,43.1,600,420,70.0,20,2,35,20,57.1,4,2,5,2,45,70,1,0,7.8,2024-12-20 00:00:00,2024-12-20 00:00:00
54f40d8d-86f4-44a8-9024-df42c52ffea5,09204207-508b-4ed2-874e-ee480a1f6786,750e8400-e29b-41d4-a716-446655440015,850e8400-e29b-41d4-a716-446655440015,11,83.85,2024-07-01,2026-06-30,13,1365,8,2,7.5,2.2,65,28,43.1,600,420,70.0,20,2,35,20,57.1,5,3,5,2,45,70,1,0,7.8,2024-12-20 00:00:00,2024-12-20 00:00:00
614ccf2a-47d5-4b5c-97ae-4a4009bfff39,aa3142a9-2bae-41fc-9bc0-b3c7cdec5cb4,750e8400-e29b-41d4-a716-446655440016,850e8400-e29b-41d4-a716-446655440016,22,45.28,2024-07-01,2026-06-30,18,1620,0,0,0.0,0.0,0,0,0.0,450,350,77.8,0,0,0,0,0.0,0,15,80,3,12,25,0,0,7.2,2024-12-20 00:00:00,2024-12-20 00:00:00
475f1e07-317c-4acf-9dec-c442c1aa9d90,fd7a07e1-cd10-4fe3-8efd-e6173f081b5c,750e8400-e29b-41d4-a716-446655440016,850e8400-e29b-41d4-a716-446655440016,22,19.22,2024-07-01,2026-06-30,18,1620,0,0,0.0,0.0,0,0,0.0,450,350,77.8,0,0,0,0,0.0,0,15,80,3,12,25,0,0,7.2,2024-12-20 00:00:00,2024-12-20 00:00:00
6f6b66e9-f0db-4f2f-9e7a-a74ae6431ddb,58cb9dbe-fd6b-43b9-abd5-61d21a686f89,750e8400-e29b-41d4-a716-446655440016,850e8400-e29b-41d4-a716-446655440016,26,78.54,2024-07-01,2026-06-30,13,1602,1,0,0.5,0.2,8,2,25.0,900,750,83.3,2,0,10,5,50.0,50,29,120,25,65,85,1,0,7.0,2024-12-20 00:00:00,2024-12-20 00:00:00
fb2efb2f-914f-48b3-ac0b-ae5362efd594,7d44dcf5-5ee8-4880-b29e-a6ad61e414ce,750e8400-e29b-41d4-a716-446655440016,850e8400-e29b-41d4-a716-446655440016,2,68.73,2024-07-01,2026-06-30,12,1260,1,0,0.5,0.2,8,2,25.0,900,750,83.3,2,0,10,5,50.0,50,30,120,25,65,85,2,0,7.0,2024-12-20 00:00:00,2024-12-20 00:00:00
bde4f087-6c46-4337-95dd-d0997fa336e7,275cd4b6-0d87-4de5-9dae-e915018b14b7,750e8400-e29b-41d4-a716-446655440016,850e8400-e29b-41d4-a716-446655440016,5,118.16,2024-07-01,2026-06-30,16,1205,1,0,0.5,0.2,8,2,25.0,900,750,83.3,2,0,10,5,50.0,50,36,120,25,65,85,1,0,7.0,2024-12-20 00:00:00,2024-12-20 00:00:00
fb9e83ea-8156-4c83-b411-e824d7d5d40c,b809f68f-7b15-49f4-887c-7dd0cf193507,750e8400-e29b-41d4-a716-446655440016,850e8400-e29b-41d4-a716-446655440016,4,95.67,2024-07-01,2026-06-30,15,1511,1,0,0.5,0.2,8,2,25.0,900,750,83.3,2,0,10,5,50.0,51,29,120,25,65,85,1,0,7.0,2024-12-20 00:00:00,2024-12-20 00:00:00
52007b70-2b50-40ec-995b-fca29b5077a0,e5c5ef88-fca8-43f0-aa3a-2dc8a013c5f3,750e8400-e29b-41d4-a716-446655440016,850e8400-e29b-41d4-a716-446655440016,14,56.55,2024-07-01,2026-06-30,13,1386,3,1,2.5,1.8,35,12,34.3,1200,950,79.2,15,3,25,15,60.0,24,12,30,8,30,50,2,0,7.3,2024-12-20 00:00:00,2024-12-20 00:00:00
120f3b3e-22d3-49f2-b9dc-2a105690e767,6b32c4fe-0abe-4690-a007-8260f44bcc25,750e8400-e29b-41d4-a716-446655440016,850e8400-e29b-41d4-a716-446655440016,14,104.7,2024-07-01,2026-06-30,17,1290,3,2,2.5,1.8,35,12,34.3,1200,950,79.2,15,3,25,15,60.0,29,12,30,8,30,50,3,0,7.3,2024-12-20 00:00:00,2024-12-20 00:00:00
1e35d40a-a7bb-4fb3-807c-2ae51a5833da,ed4a2d72-b211-4f18-97ca-230b4bf6c99f,750e8400-e29b-41d4-a716-446655440016,850e8400-e29b-41d4-a716-446655440016,17,17.42,2024-07-01,2026-06-30,14,1522,8,2,7.5,2.2,65,28,43.1,600,420,70.0,20,2,35,20,57.1,5,3,5,2,45,70,1,0,7.8,2024-12-20 00:00:00,2024-12-20 00:00:00
ea74efdd-88f0-4b31-ac8e-33569f27cbe1,576f21a2-5b80-4bf4-b3ce-4074872520fc,750e8400-e29b-41d4-a716-446655440016,850e8400-e29b-41d4-a716-446655440016,18,77.8,2024-07-01,2026-06-30,18,1194,8,2,7.5,2.2,65,28,43.1,600,420,70.0,20,2,35,20,57.1,5,2,5,2,45,70,1,0,7.8,2024-12-20 00:00:00,2024-12-20 00:00:00
31cd82a1-e86b-4c90-b496-5802b2578e32,8e664812-b4de-4800-bf94-4346b29bbbd4,750e8400-e29b-41d4-a716-446655440017,850e8400-e29b-41d4-a716-446655440017,22,36.18,2024-07-01,2026-06-30,18,1620,0,0,0.0,0.0,0,0,0.0,450,350,77.8,0,0,0,0,0.0,0,15,80,3,12,25,0,0,7.2,2024-12-20 00:00:00,2024-12-20 00:00:00
9a758e2d-515e-4ce4-a9b2-ef9bb3136a9b,91bda8be-c48d-4434-93fb-f039dead5a64,750e8400-e29b-41d4-a716-446655440017,850e8400-e29b-41d4-a716-446655440017,13,49.74,2024-07-01,2026-06-30,18,1620,0,0,0.0,0.0,0,0,0.0,450,350,77.8,0,0,0,0,0.0,0,15,80,3,12,25,0,0,7.2,2024-12-20 00:00:00,2024-12-20 00:00:00
c72ad0fd-a877-47c5-b86a-03f5de2515e9,b472fb76-5faf-42b8-ab9a-8ea0daffe19d,750e8400-e29b-41d4-a716-446655440017,850e8400-e29b-41d4-a716-446655440017,6,93.43,2024-07-01,2026-06-30,14,1406,1,0,0.5,0.2,8,2,25.0,900,750,83.3,2,0,10,5,50.0,48,39,120,25,65,85,2,0,7.0,2024-12-20 00:00:00,2024-12-20 00:00:00
ee6d52a0-c0ee-4933-9032-29e9da705fe7,293ccd34-0e92-4154-915e-2a0a7f6635d3,750e8400-e29b-41d4-a716-446655440017,850e8400-e29b-41d4-a716-446655440017,5,40.94,2024-07-01,2026-06-30,14,1559,1,0,0.5,0.2,8,2,25.0,900,750,83.3,2,0,10,5,50.0,50,33,120,25,65,85,2,0,7.0,2024-12-20 00:00:00,2024-12-20 00:00:00
0728f2ad-9702-4fbd-8ae3-f040b6afe129,29904749-bc36-4de3-8059-e3f5ff05decc,750e8400-e29b-41d4-a716-446655440017,850e8400-e29b-41d4-a716-446655440017,21,15.72,2024-07-01,2026-06-30,15,1282,1,0,0.5,0.2,8,2,25.0,900,750,83.3,2,0,10,5,50.0,52,28,120,25,65,85,2,0,7.0,2024-12-20 00:00:00,2024-12-20 00:00:00
8e134489-4d56-4895-a226-178ca39a679d,2d8bdf32-b32e-4684-887d-963e8ebe1269,750e8400-e29b-41d4-a716-446655440017,850e8400-e29b-41d4-a716-446655440017,3,82.05,2024-07-01,2026-06-30,16,1281,1,0,0.5,0.2,8,2,25.0,900,750,83.3,2,0,10,5,50.0,37,41,120,25,65,85,2,0,7.0,2024-12-20 00:00:00,2024-12-20 00:00:00
1a6d4563-2016-43f3-af41-bbf7bf73c973,27a6c9e7-fd9f-4a83-b3d7-b6b1d4c3e54a,750e8400-e29b-41d4-a716-446655440017,850e8400-e29b-41d4-a716-446655440017,15,74.05,2024-07-01,2026-06-30,16,1631,3,2,2.5,1.8,35,12,34.3,1200,950,79.2,15,3,25,15,60.0,28,16,30,8,30,50,3,0,7.3,2024-12-20 00:00:00,2024-12-20 00:00:00
4a5fe112-d97d-438d-b367-ed11035b25dc,8ed484fc-e701-417b-8191-2a25841e27ed,750e8400-e29b-41d4-a716-446655440017,850e8400-e29b-41d4-a716-446655440017,14,68.97,2024-07-01,2026-06-30,14,1534,3,1,2.5,1.8,35,12,34.3,1200,950,79.2,15,3,25,15,60.0,24,17,30,8,30,50,2,0,7.3,2024-12-20 00:00:00,2024-12-20 00:00:00
fc3044b9-507d-4f50-b36f-eccc75388b31,4a2cf97d-5aa5-4636-b27f-179de43e1279,750e8400-e29b-41d4-a716-446655440017,850e8400-e29b-41d4-a716-446655440017,9,75.56,2024-07-01,2026-06-30,17,1482,8,3,7.5,2.2,65,28,43.1,600,420,70.0,20,2,35,20,57.1,5,3,5,2,45,70,2,0,7.8,2024-12-20 00:00:00,2024-12-20 00:00:00
c1f8ce2c-9dc1-4505-899c-977b7d81c11f,025a3e02-0687-4df1-9b01-0babfd68c34d,750e8400-e29b-41d4-a716-446655440017,850e8400-e29b-41d4-a716-446655440017,18,92.68,2024-07-01,2026-06-30,16,1502,8,3,7.5,2.2,65,28,43.1,600,420,70.0,20,2,35,20,57.1,5,2,5,2,45,70,1,0,7.8,2024-12-20 00:00:00,2024-12-20 00:00:00
de999816-b743-44fc-b03a-bd5cac5448d7,d61d3914-c087-4c9a-84b2-a7ad809f7841,750e8400-e29b-41d4-a716-446655440018,850e8400-e29b-41d4-a716-446655440018,13,18.85,2024-07-01,2026-06-30,18,1620,0,0,0.0,0.0,0,0,0.0,450,350,77.8,0,0,0,0,0.0,0,15,80,3,12,25,0,0,7.2,2024-12-20 00:00:00,2024-12-20 00:00:00
4fc3e88f-64e9-4cb7-9fbc-75881b53c6c7,2e370df6-c7dc-466a-b851-3753dd182b33,750e8400-e29b-41d4-a716-446655440018,850e8400-e29b-41d4-a716-446655440018,1,43.75,2024-07-01,2026-06-30,18,1620,0,0,0.0,0.0,0,0,0.0,450,350,77.8,0,0,0,0,0.0,0,15,80,3,12,25,0,0,7.2,2024-12-20 00:00:00,2024-12-20 00:00:00
607be638-aab0-411b-926d-d72a8d40ecdf,6a26af19-9de0-4ad9-81ff-38c22a36bcb1,750e8400-e29b-41d4-a716-446655440018,850e8400-e29b-41d4-a716-446655440018,26,57.17,2024-07-01,2026-06-30,12,1480,1,0,0.5,0.2,8,2,25.0,900,750,83.3,2,0,10,5,50.0,37,35,120,25,65,85,1,0,7.0,2024-12-20 00:00:00,2024-12-20 00:00:00
7ee248d0-6728-4a47-86aa-d690ae0a8516,28c28315-c1ad-491c-8d39-49bff7e1aa2d,750e8400-e29b-41d4-a716-446655440018,850e8400-e29b-41d4-a716-446655440018,4,23.1,2024-07-01,2026-06-30,14,1469,1,0,0.5,0.2,8,2,25.0,900,750,83.3,2,0,10,5,50.0,46,29,120,25,65,85,1,0,7.0,2024-12-20 00:00:00,2024-12-20 00:00:00
d99c4301-b0a2-463d-9460-b8b53921db5c,43fba8d8-13a9-4513-9035-8e12fa4ced8d,750e8400-e29b-41d4-a716-446655440018,850e8400-e29b-41d4-a716-446655440018,2,91.82,2024-07-01,2026-06-30,16,1226,1,0,0.5,0.2,8,2,25.0,900,750,83.3,2,0,10,5,50.0,44,34,120,25,65,85,1,0,7.0,2024-12-20 00:00:00,2024-12-20 00:00:00
a99a5dd0-e7d7-44e0-a5f7-8866ddb592f8,2e7128f6-d55e-4b2c-8018-ea8c488656d4,750e8400-e29b-41d4-a716-446655440018,850e8400-e29b-41d4-a716-446655440018,3,30.36,2024-07-01,2026-06-30,14,1139,1,0,0.5,0.2,8,2,25.0,900,750,83.3,2,0,10,5,50.0,46,35,120,25,65,85,1,0,7.0,2024-12-20 00:00:00,2024-12-20 00:00:00
7708c00a-20a8-482d-a92c-bc03028a9604,861ff502-4203-42e5-8b0c-73c84986beeb,750e8400-e29b-41d4-a716-446655440018,850e8400-e29b-41d4-a716-446655440018,17,18.8,2024-07-01,2026-06-30,13,1269,8,3,7.5,2.2,65,28,43.1,600,420,70.0,20,2,35,20,57.1,5,3,5,2,45,70,1,0,7.8,2024-12-20 00:00:00,2024-12-20 00:00:00
cf3d897d-f5a7-49c7-92af-0de82a910d87,2c1f6d7f-278c-4403-820f-5574b9a73350,750e8400-e29b-41d4-a716-446655440018,850e8400-e29b-41d4-a716-446655440018,16,97.71,2024-07-01,2026-06-30,17,1253,8,2,7.5,2.2,65,28,43.1,600,420,70.0,20,2,35,20,57.1,5,3,5,2,45,70,2,0,7.8,2024-12-20 00:00:00,2024-12-20 00:00:00
53873f68-10b3-44a4-bf69-25ff6979b331,4e8fc844-e3ee-4acf-a01f-a8a8f131d4f5,750e8400-e29b-41d4-a716-446655440018,850e8400-e29b-41d4-a716-446655440018,8,54.37,2024-07-01,2026-06-30,16,1678,3,1,2.5,1.8,35,12,34.3,1200,950,79.2,15,3,25,15,60.0,24,12,30,8,30,50,2,0,7.3,2024-12-20 00:00:00,2024-12-20 00:00:00
bade0228-b6fd-4eec-978b-cf6a93674cd1,947fd45e-29f9-495e-8d20-bdb1f895dc26,750e8400-e29b-41d4-a716-446655440018,850e8400-e29b-41d4-a716-446655440018,16,76.08,2024-07-01,2026-06-30,17,1392,8,2,7.5,2.2,65,28,43.1,600,420,70.0,20,2,35,20,57.1,4,2,5,2,45,70,2,0,7.8,2024-12-20 00:00:00,2024-12-20 00:00:00
97a8e32b-f12b-4e22-b6ec-a93b0e1dbd33,2e5cdf8c-3cc4-4cb9-a1e6-cbf0422d49e1,750e8400-e29b-41d4-a716-446655440019,850e8400-e29b-41d4-a716-446655440019,22,46.15,2024-07-01,2026-06-30,18,1620,0,0,0.0,0.0,0,0,0.0,450,350,77.8,0,0,0,0,0.0,0,15,80,3,12,25,0,0,7.2,2024-12-20 00:00:00,2024-12-20 00:00:00
a673666b-c12a-475b-8144-52ca22206485,4597d735-15b7-4d8f-9125-b48b57f36051,750e8400-e29b-41d4-a716-446655440019,850e8400-e29b-41d4-a716-446655440019,1,22.96,2024-07-01,2026-06-30,18,1620,0,0,0.0,0.0,0,0,0.0,450,350,77.8,0,0,0,0,0.0,0,15,80,3,12,25,0,0,7.2,2024-12-20 00:00:00,2024-12-20 00:00:00
db27df2f-4d22-48f6-a49c-b27dcc58fa0b,a5fa150c-ae33-4cfb-b4ab-81d8d56f48a6,750e8400-e29b-41d4-a716-446655440019,850e8400-e29b-41d4-a716-446655440019,3,43.3,2024-07-01,2026-06-30,13,1397,1,0,0.5,0.2,8,2,25.0,900,750,83.3,2,0,10,5,50.0,43,32,120,25,65,85,1,0,7.0,2024-12-20 00:00:00,2024-12-20 00:00:00
7cefd376-834f-421d-bf6c-9c4117f07e63,d8cb9ea4-7f05-46fc-8912-434decf3b56f,750e8400-e29b-41d4-a716-446655440019,850e8400-e29b-41d4-a716-446655440019,4,115.2,2024-07-01,2026-06-30,12,1421,1,0,0.5,0.2,8,2,25.0,900,750,83.3,2,0,10,5,50.0,39,38,120,25,65,85,1,0,7.0,2024-12-20 00:00:00,2024-12-20 00:00:00
15eaee9e-94c5-4537-84fe-919a4b5d9fe8,da1d63ce-2dac-4c48-aada-541dcc2dedb7,750e8400-e29b-41d4-a716-446655440019,850e8400-e29b-41d4-a716-446655440019,4,25.37,2024-07-01,2026-06-30,13,1159,1,0,0.5,0.2,8,2,25.0,900,750,83.3,2,0,10,5,50.0,46,38,120,25,65,85,2,0,7.0,2024-12-20 00:00:00,2024-12-20 00:00:00
3b1e3ef0-980d-45cb-96d5-74d3a51341fa,0601618c-db68-4782-8402-9055844f0d7a,750e8400-e29b-41d4-a716-446655440019,850e8400-e29b-41d4-a716-446655440019,27,118.45,2024-07-01,2026-06-30,14,1384,1,0,0.5,0.2,8,2,25.0,900,750,83.3,2,0,10,5,50.0,48,40,120,25,65,85,2,0,7.0,2024-12-20 00:00:00,2024-12-20 00:00:00
099b1f5e-950f-47e3-926c-07aba1d7424f,8e3e22ed-3414-4139-933a-1a4195681b7e,750e8400-e29b-41d4-a716-446655440019,850e8400-e29b-41d4-a716-446655440019,11,36.59,2024-07-01,2026-06-30,18,1513,8,2,7.5,2.2,65,28,43.1,600,420,70.0,20,2,35,20,57.1,4,2,5,2,45,70,1,0,7.8,2024-12-20 00:00:00,2024-12-20 00:00:00
22fffe2e-510a-4a6f-9e7d-1ea469c66481,48ffd5c0-2240-489f-98ab-ba099a5e8d4d,750e8400-e29b-41d4-a716-446655440019,850e8400-e29b-41d4-a716-446655440019,7,79.14,2024-07-01,2026-06-30,15,1269,3,1,2.5,1.8,35,12,34.3,1200,950,79.2,15,3,25,15,60.0,20,14,30,8,30,50,2,0,7.3,2024-12-20 00:00:00,2024-12-20 00:00:00
e234d212-eb57-41a3-86e3-f29cb23a0cb0,5691d5f8-00b9-40b4-b8f8-318aaeab815f,750e8400-e29b-41d4-a716-446655440019,850e8400-e29b-41d4-a716-446655440019,20,9.72,2024-07-01,2026-06-30,13,1494,8,2,7.5,2.2,65,28,43.1,600,420,70.0,20,2,35,20,57.1,5,3,5,2,45,70,2,0,7.8,2024-12-20 00:00:00,2024-12-20 00:00:00
beb90afa-f8e4-4b02-99fb-39a626adf90f,823c60af-6b67-4d4f-8414-d1811c249691,750e8400-e29b-41d4-a716-446655440019,850e8400-e29b-41d4-a716-446655440019,20,98.26,2024-07-01,2026-06-30,16,1260,8,3,7.5,2.2,65,28,43.1,600,420,70.0,20,2,35,20,57.1,5,3,5,2,45,70,1,0,7.8,2024-12-20 00:00:00,2024-12-20 00:00:00
0276f4d2-e8e0-4dba-9ae7-da034805998b,7d2f384d-780c-4792-abca-01b5503bb870,750e8400-e29b-41d4-a716-446655440020,850e8400-e29b-41d4-a716-446655440020,13,49.15,2024-07-01,2026-06-30,18,1620,0,0,0.0,0.0,0,0,0.0,450,350,77.8,0,0,0,0,0.0,0,15,80,3,12,25,0,0,7.2,2024-12-20 00:00:00,2024-12-20 00:00:00
3305d1ae-92e6-4fa6-98bd-2a3a9db83f5c,e4b6eafb-910d-483e-b90f-2270dea9c93f,750e8400-e29b-41d4-a716-446655440020,850e8400-e29b-41d4-a716-446655440020,1,26.22,2024-07-01,2026-06-30,18,1620,0,0,0.0,0.0,0,0,0.0,450,350,77.8,0,0,0,0,0.0,0,15,80,3,12,25,0,0,7.2,2024-12-20 00:00:00,2024-12-20 00:00:00
e069559b-fe95-428b-89c4-24f332473574,971c0d98-e6ca-458a-9f9e-9535e1a61b1a,750e8400-e29b-41d4-a716-446655440020,850e8400-e29b-41d4-a716-446655440020,4,110.56,2024-07-01,2026-06-30,12,1462,1,0,0.5,0.2,8,2,25.0,900,750,83.3,2,0,10,5,50.0,45,36,120,25,65,85,1,0,7.0,2024-12-20 00:00:00,2024-12-20 00:00:00
86d24301-ce2f-4e50-b370-117fbd595f41,22ee14e3-13b0-4f15-83fe-7e2627e5b7a0,750e8400-e29b-41d4-a716-446655440020,850e8400-e29b-41d4-a716-446655440020,26,15.87,2024-07-01,2026-06-30,14,1262,1,0,0.5,0.2,8,2,25.0,900,750,83.3,2,0,10,5,50.0,50,37,120,25,65,85,1,0,7.0,2024-12-20 00:00:00,2024-12-20 00:00:00
0787c6fc-4636-47d0-a532-cb593c3f312b,d2b4de62-1825-4a63-b483-a7b30e36b9cc,750e8400-e29b-41d4-a716-446655440020,850e8400-e29b-41d4-a716-446655440020,26,72.02,2024-07-01,2026-06-30,13,1470,1,0,0.5,0.2,8,2,25.0,900,750,83.3,2,0,10,5,50.0,52,40,120,25,65,85,1,0,7.0,2024-12-20 00:00:00,2024-12-20 00:00:00
ea6ab388-0cd2-482e-a2c2-fd67958ebcba,0bc3c0d3-1f71-4e71-9cba-ead439e57c63,750e8400-e29b-41d4-a716-446655440020,850e8400-e29b-41d4-a716-446655440020,4,14.74,2024-07-01,2026-06-30,17,1247,1,0,0.5,0.2,8,2,25.0,900,750,83.3,2,0,10,5,50.0,47,29,120,25,65,85,2,0,7.0,2024-12-20 00:00:00,2024-12-20 00:00:00
023f22dc-53f2-4d5b-a31d-d18740b9207b,44be04b6-1746-4f50-982a-fc3007e5779e,750e8400-e29b-41d4-a716-446655440020,850e8400-e29b-41d4-a716-446655440020,23,83.82,2024-07-01,2026-06-30,16,1708,3,2,2.5,1.8,35,12,34.3,1200,950,79.2,15,3,25,15,60.0,26,16,30,8,30,50,3,0,7.3,2024-12-20 00:00:00,2024-12-20 00:00:00
e5216b2e-d312-42a9-9e3e-9572ac34129a,e5366815-ecaf-4a17-b498-2fed0540cf25,750e8400-e29b-41d4-a716-446655440020,850e8400-e29b-41d4-a716-446655440020,23,44.3,2024-07-01,2026-06-30,14,1634,3,2,2.5,1.8,35,12,34.3,1200,950,79.2,15,3,25,15,60.0,20,13,30,8,30,50,3,0,7.3,2024-12-20 00:00:00,2024-12-20 00:00:00
7431dd98-9263-48a7-b0cb-bec2734a11ab,3811fd6d-3a05-498b-940a-fdf91941c787,750e8400-e29b-41d4-a716-446655440020,850e8400-e29b-41d4-a716-446655440020,20,93.65,2024-07-01,2026-06-30,15,1282,8,2,7.5,2.2,65,28,43.1,600,420,70.0,20,2,35,20,57.1,4,3,5,2,45,70,1,0,7.8,2024-12-20 00:00:00,2024-12-20 00:00:00
6fef931e-1c8b-4139-8bf5-de14c1cc3503,3b0fd047-874c-4bb2-ac3e-36b211d750f5,750e8400-e29b-41d4-a716-446655440020,850e8400-e29b-41d4-a716-446655440020,20,22.74,2024-07-01,2026-06-30,17,1455,8,3,7.5,2.2,65,28,43.1,600,420,70.0,20,2,35,20,57.1,5,3,5,2,45,70,2,0,7.8,2024-12-20 00:00:00,2024-12-20 00:00:00
